{"cameraMode":{"drawMode":0,"name":"Shaded","section":"Shading Mode"},"sceneLighting":true,"audioPlay":false,"sceneViewState":{"showFog":true,"showMaterialUpdate":false,"showSkybox":true,"showFlares":true,"showImageEffects":true,"showParticleSystems":true},"in2DMode":false,"pivot":{"x":-50.16377258300781,"y":-49.441558837890628,"z":151.42576599121095},"rotation":{"x":-0.21836523711681367,"y":0.23365162312984467,"z":-0.05374005809426308,"w":-0.9460077881813049},"size":22.0,"orthographic":false}