{"cameraMode":{"drawMode":0,"name":"Shaded","section":"Shading Mode"},"sceneLighting":true,"audioPlay":false,"sceneViewState":{"showFog":true,"showMaterialUpdate":false,"showSkybox":true,"showFlares":true,"showImageEffects":true,"showParticleSystems":true},"in2DMode":false,"pivot":{"x":2.6187336444854738,"y":9.48690128326416,"z":-54.99551773071289},"rotation":{"x":-0.13022303581237794,"y":0.08112522214651108,"z":-0.010690980590879918,"w":-0.9881289601325989},"size":10.0,"orthographic":false}