{"cameraMode":{"drawMode":0,"name":"Shaded","section":"Shading Mode"},"sceneLighting":true,"audioPlay":false,"sceneViewState":{"showFog":true,"showMaterialUpdate":false,"showSkybox":true,"showFlares":true,"showImageEffects":true,"showParticleSystems":true},"in2DMode":false,"pivot":{"x":-62.52227020263672,"y":-98.77974700927735,"z":112.29196166992188},"rotation":{"x":0.2613540291786194,"y":-0.19777478277683259,"z":0.054788876324892047,"w":0.9431943297386169},"size":210.01071166992188,"orthographic":false}