{"cameraMode":{"drawMode":0,"name":"Shaded","section":"Shading Mode"},"sceneLighting":false,"audioPlay":false,"sceneViewState":{"showFog":true,"showMaterialUpdate":false,"showSkybox":false,"showFlares":true,"showImageEffects":true,"showParticleSystems":true},"in2DMode":false,"pivot":{"x":-0.8719253540039063,"y":-0.715383768081665,"z":-5.674672603607178},"rotation":{"x":-0.22418294847011567,"y":0.25296613574028017,"z":-0.06038160249590874,"w":-0.939204752445221},"size":6.958493232727051,"orthographic":false}